Value of Home,Down Payment,Loan Amount,Rate,Mortgage Payment,Property Tax,Homeowner Insurance,HOA Fees,Total Monthly,Overall Value of Loan
950000,750000,200000,0.035,898.0893756,987.9208333,174.1666667,213,2273.176876,323312.1752
950000,750000,200000,0.03,843.2080675,987.9208333,174.1666667,213,2218.295567,303554.9043
950000,750000,200000,0.025,790.2417976,987.9208333,174.1666667,213,2165.329298,284487.0471
950000,750000,200000,0.02,739.2389454,987.9208333,174.1666667,213,2114.326445,266126.0203
950000,750000,200000,0.015,690.2404209,987.9208333,174.1666667,213,2065.327921,248486.5515
950000,700000,250000,0.035,1122.61172,987.9208333,174.1666667,213,2497.69922,404140.219
950000,700000,250000,0.03,1054.010084,987.9208333,174.1666667,213,2429.097584,379443.6304
950000,700000,250000,0.025,987.802247,987.9208333,174.1666667,213,2362.889747,355608.8089
950000,700000,250000,0.02,924.0486817,987.9208333,174.1666667,213,2299.136182,332657.5254
950000,700000,250000,0.015,862.8005261,987.9208333,174.1666667,213,2237.888026,310608.1894
950000,650000,300000,0.035,1347.134063,987.9208333,174.1666667,213,2722.221563,484968.2628
950000,650000,300000,0.03,1264.812101,987.9208333,174.1666667,213,2639.899601,455332.3564
950000,650000,300000,0.025,1185.362696,987.9208333,174.1666667,213,2560.450196,426730.5707
950000,650000,300000,0.02,1108.858418,987.9208333,174.1666667,213,2483.945918,399189.0305
950000,650000,300000,0.015,1035.360631,987.9208333,174.1666667,213,2410.448131,372729.8273
950000,600000,350000,0.035,1571.656407,987.9208333,174.1666667,213,2946.743907,565796.3066
950000,600000,350000,0.03,1475.614118,987.9208333,174.1666667,213,2850.701618,531221.0825
950000,600000,350000,0.025,1382.923146,987.9208333,174.1666667,213,2758.010646,497852.3325
950000,600000,350000,0.02,1293.668154,987.9208333,174.1666667,213,2668.755654,465720.5356
950000,600000,350000,0.015,1207.920737,987.9208333,174.1666667,213,2583.008237,434851.4652
950000,550000,400000,0.035,1796.178751,987.9208333,174.1666667,213,3171.266251,646624.3504
950000,550000,400000,0.03,1686.416135,987.9208333,174.1666667,213,3061.503635,607109.8086
950000,550000,400000,0.025,1580.483595,987.9208333,174.1666667,213,2955.571095,568974.0943
950000,550000,400000,0.02,1478.477891,987.9208333,174.1666667,213,2853.565391,532252.0407
950000,550000,400000,0.015,1380.480842,987.9208333,174.1666667,213,2755.568342,496973.1031
950000,500000,450000,0.035,2020.701095,987.9208333,174.1666667,213,3395.788595,727452.3943
950000,500000,450000,0.03,1897.218152,987.9208333,174.1666667,213,3272.305652,682998.5346
950000,500000,450000,0.025,1778.044045,987.9208333,174.1666667,213,3153.131545,640095.8561
950000,500000,450000,0.02,1663.287627,987.9208333,174.1666667,213,3038.375127,598783.5458
950000,500000,450000,0.015,1553.040947,987.9208333,174.1666667,213,2928.128447,559094.7409
950000,450000,500000,0.035,2245.223439,987.9208333,174.1666667,213,3620.310939,808280.4381
950000,450000,500000,0.03,2108.020169,987.9208333,174.1666667,213,3483.107669,758887.2607
950000,450000,500000,0.025,1975.604494,987.9208333,174.1666667,213,3350.691994,711217.6179
950000,450000,500000,0.02,1848.097363,987.9208333,174.1666667,213,3223.184863,665315.0508
950000,450000,500000,0.015,1725.601052,987.9208333,174.1666667,213,3100.688552,621216.3788
950000,400000,550000,0.035,2469.745783,987.9208333,174.1666667,213,3844.833283,889108.4819
950000,400000,550000,0.03,2318.822186,987.9208333,174.1666667,213,3693.909686,834775.9868
950000,400000,550000,0.025,2173.164943,987.9208333,174.1666667,213,3548.252443,782339.3797
950000,400000,550000,0.02,2032.9071,987.9208333,174.1666667,213,3407.9946,731846.5559
950000,400000,550000,0.015,1898.161158,987.9208333,174.1666667,213,3273.248658,683338.0167
